subreddit,title,score,num_comments,created,neg,neu,pos,compound
wallstreetbets,Weekly Earnings Thread 12/16 - 12/20,235,1823,2024-12-13 16:56:31,0.0,1.0,0.0,0.0
wallstreetbets,"Daily Discussion Thread for December 19, 2024",118,8337,2024-12-19 10:57:09,0.0,1.0,0.0,0.0
wallstreetbets,Are you shitting me rn ,36245,788,2024-12-19 02:15:05,0.412,0.588,0.0,-0.4215
wallstreetbets,"MARA has acquired $1.53 BILLION in Bitcoin (15,574) raising its total to 44,394 BTCâ€”10% of MicroStrategyâ€™s holdings.",752,259,2024-12-19 13:31:09,0.0,1.0,0.0,0.0
wallstreetbets,I hope this is okay,6366,268,2024-12-18 23:54:50,0.0,0.385,0.615,0.5859
wallstreetbets,Shoutout to my mom for dunking on me,292,43,2024-12-19 14:16:50,0.0,1.0,0.0,0.0
wallstreetbets,KNEEEL,247,44,2024-12-19 14:46:00,0.0,1.0,0.0,0.0
wallstreetbets,Rip to millions of portfolios today ðŸ•Šï¸ðŸ’” ,8902,1478,2024-12-18 20:15:26,0.217,0.49,0.294,0.2732
wallstreetbets,"â€œHey Wife, look what I did today at work!â€ -JPOW",6522,234,2024-12-18 21:23:50,0.0,1.0,0.0,0.0
wallstreetbets,Amazon Delays â€˜Return to Workâ€™ For Thousands Because They Cancelled Too Many Office Leases and Forgot to Find New Space,13611,514,2024-12-18 17:39:09,0.092,0.829,0.078,-0.0772
wallstreetbets,Why Powell's Stance on Fewer Rate Cuts Next Year Makes Sense,151,58,2024-12-19 13:58:04,0.18,0.82,0.0,-0.296
wallstreetbets,"JPowell: â€œFuck your puts, fuck your callsâ€",2907,118,2024-12-18 22:07:07,0.368,0.632,0.0,-0.5423
wallstreetbets,"I've never seen such bullshit in my 3 weeks of trading. JPOW said ""US economy is well - effectively""!",2758,815,2024-12-18 21:22:59,0.0,0.657,0.343,0.8108
wallstreetbets,im dead inside,2904,707,2024-12-18 21:02:09,0.683,0.317,0.0,-0.6486
wallstreetbets,Greedy little hobbitses,1578,28,2024-12-18 23:34:13,0.535,0.465,0.0,-0.3182
wallstreetbets,"Quit Stocks? Yes, I think I shall.",313,23,2024-12-19 08:09:10,0.0,0.69,0.31,0.4019
wallstreetbets,We get it buddy ,3183,271,2024-12-18 19:35:24,0.0,1.0,0.0,0.0
wallstreetbets,Diversify your losses ðŸ’¯,2154,125,2024-12-18 21:07:01,0.403,0.597,0.0,-0.4019
wallstreetbets,Blew up our familyâ€™s nest egg,723,210,2024-12-19 02:38:05,0.0,1.0,0.0,0.0
wallstreetbets,Am I doing options right?,61,38,2024-12-19 15:21:51,0.0,1.0,0.0,0.0
wallstreetbets,Sometimes you buy the dip too early and get rekt,1116,316,2024-12-18 22:25:13,0.0,1.0,0.0,0.0
wallstreetbets,$5000 to $64000 in an hour and a half,1279,196,2024-12-18 20:52:32,0.0,1.0,0.0,0.0
wallstreetbets,Okâ€¦.. didnâ€™t sell in December 9 even with out profit or loss after that started crashing damn it healthcare companyâ€™sâ€¦â€¦ ,42,33,2024-12-19 15:14:18,0.201,0.683,0.116,-0.2732
wallstreetbets,"Stock prices from Aug 17, 1937.",4071,499,2024-12-18 13:22:49,0.0,1.0,0.0,0.0
wallstreetbets,Federal Reserve cuts its key rate by a quarter-point but envisions fewer reductions next year,1122,192,2024-12-18 19:54:05,0.103,0.897,0.0,-0.1531
wallstreetbets,Jay Powell at Todayâ€™s Press Conference,396,23,2024-12-19 01:32:54,0.0,1.0,0.0,0.0
wallstreetbets,"Next time we go full regard, remind me to invest more than $60 bucks",662,101,2024-12-18 22:25:25,0.0,1.0,0.0,0.0
wallstreetbets,When SPX plummets nearly 3% within a few hours.,341,12,2024-12-19 01:25:08,0.0,1.0,0.0,0.0
wallstreetbets,â€œWish I bought more.â€,406,59,2024-12-19 00:13:34,0.0,1.0,0.0,0.0
wallstreetbets,From Â£122K to Â£15K in 2 months. ,15,6,2024-12-19 18:15:44,0.0,1.0,0.0,0.0
wallstreetbets,Christmas won't  come this year,251,10,2024-12-19 02:04:51,0.0,1.0,0.0,0.0
wallstreetbets,Well someone stole xmas againâ€¦,739,64,2024-12-18 20:22:58,0.0,0.656,0.344,0.2732
wallstreetbets,Was up 12k at one point,20,7,2024-12-19 15:49:42,0.0,1.0,0.0,0.0
wallstreetbets,"closing at open, wish me luck",74,25,2024-12-19 08:07:03,0.0,0.412,0.588,0.6908
wallstreetbets,UNH is fighting for itâ€™s life in the trenches,480,67,2024-12-18 21:21:56,0.238,0.762,0.0,-0.3612
wallstreetbets,Guh,10,7,2024-12-19 18:14:26,0.0,1.0,0.0,0.0
wallstreetbets,What is YOUR Quantum Bet for 2025?,13,45,2024-12-19 16:10:20,0.0,1.0,0.0,0.0
wallstreetbets,$236 > $9k in 4 hours +3800%,164,28,2024-12-19 02:04:24,0.0,1.0,0.0,0.0
wallstreetbets,Dec 18th 2024 Market Crash Therapy Group,86,98,2024-12-19 05:26:32,0.31,0.69,0.0,-0.4019
wallstreetbets,NVDA AAPL gains realized (2 fotos),9,6,2024-12-19 17:07:31,0.0,0.676,0.324,0.34
wallstreetbets,"Thanks CVS, riding 10 more $40p to next week",8,3,2024-12-19 17:03:08,0.0,0.734,0.266,0.4404
wallstreetbets,Just added another 80k in Options for January 2026,6,2,2024-12-19 18:18:40,0.0,1.0,0.0,0.0
wallstreetbets,Hindenburg Shorts Low Volume Stock SEZL,7,3,2024-12-19 17:14:08,0.296,0.704,0.0,-0.2732
wallstreetbets,SOUN GAINZZZ 2.7k->79k,489,77,2024-12-18 18:15:12,0.0,1.0,0.0,0.0
wallstreetbets,Palantir Expands Army Vantage Partnership with $618.9M Contract,12,7,2024-12-19 14:32:44,0.0,0.833,0.167,0.1027
wallstreetbets,HIMS is still a good bet.,7,11,2024-12-19 16:58:43,0.0,0.633,0.367,0.4404
wallstreetbets,"What Are Your Moves Tomorrow, December 19, 2024",280,11759,2024-12-18 20:57:15,0.0,1.0,0.0,0.0
wallstreetbets,MindMed to Be Added to the Nasdaq Biotechnology Index,11,5,2024-12-19 13:17:02,0.0,1.0,0.0,0.0
wallstreetbets,Held it til I got my first 50 bagger,809,126,2024-12-18 14:55:23,0.0,1.0,0.0,0.0
wallstreetbets,Today's Economic Calendar - Dec 19,12,4,2024-12-19 13:31:31,0.0,1.0,0.0,0.0
wallstreetbets,This should be repeated over and over again...,251,11,2024-12-18 20:21:20,0.0,1.0,0.0,0.0
wallstreetbets,Federal Reserve issues FOMC statement,308,132,2024-12-18 19:09:53,0.0,1.0,0.0,0.0
wallstreetbets,"Intel finally notches a GPU win, confirms Arc B580 is selling out after stellar reviews",141,36,2024-12-18 23:18:38,0.0,0.787,0.213,0.5859
wallstreetbets,"I YOLOâ€™d $35,000 in Credit Card Debt at 0% into Bitcoin @ $44,000",9896,1033,2024-12-18 01:25:33,0.155,0.683,0.161,0.0258
wallstreetbets,Micron Technology's FY2025 Outlook: A 15% Stock Price Drop Could Be a Perfect Buying Opportunity,7,6,2024-12-19 15:57:43,0.102,0.583,0.316,0.6597
wallstreetbets,Betting my FHSA on BIR (TSX),5,2,2024-12-19 16:11:56,0.0,1.0,0.0,0.0
wallstreetbets,Mesoblast got FDA approval ðŸš€ ,38,10,2024-12-19 05:14:05,0.0,0.563,0.437,0.4767
wallstreetbets,It's over ,68,44,2024-12-19 01:53:32,0.0,1.0,0.0,0.0
wallstreetbets,Nvda gain,4,2,2024-12-19 16:50:14,0.0,0.227,0.773,0.5267
wallstreetbets,Tesla put just bought 2 hrs ago,161,21,2024-12-18 20:30:25,0.0,1.0,0.0,0.0
wallstreetbets,TSLA BEARS WILL PAY,7,9,2024-12-19 16:16:09,0.318,0.682,0.0,-0.1027
wallstreetbets,"Quantum Computing Stocks Landscape, December 2024",45,48,2024-12-19 03:31:30,0.0,1.0,0.0,0.0
wallstreetbets,$190k in one week - $TSLA,290,64,2024-12-18 16:44:59,0.0,1.0,0.0,0.0
wallstreetbets,40k Gain on PLTR $75P,127,8,2024-12-18 20:55:45,0.0,0.541,0.459,0.5267
wallstreetbets,How are multiple tailwinds hitting GOOG at the same time? (image walkthrough),509,130,2024-12-18 12:15:38,0.0,1.0,0.0,0.0
wallstreetbets,best day ever finally up on the year. thank you daddy JPOW,97,24,2024-12-18 21:09:20,0.0,0.599,0.401,0.7717
wallstreetbets,"Half said calls, half said puts, so I bought both",102,11,2024-12-18 20:33:31,0.0,1.0,0.0,0.0
wallstreetbets,Went into meetings for 3 hrs and came back to this. Thanks JPow!,58,10,2024-12-18 23:31:37,0.0,0.766,0.234,0.5672
wallstreetbets,NVDA GAIN GAIN,228,34,2024-12-18 15:50:22,0.0,0.128,0.872,0.7783
wallstreetbets,"If Bitcoin falls below $23,000, MicroStrategy will be forced to liquidate all of its BTC holdings and file for bankruptcy lol",12845,2422,2024-12-17 19:26:16,0.121,0.766,0.113,-0.0516
wallstreetbets,donâ€™t try to catch a falling knife or something idk,69,13,2024-12-18 21:26:11,0.273,0.727,0.0,-0.25
wallstreetbets,Spy going tits up Christmas edition ðŸŽ„,76,11,2024-12-18 20:54:51,0.213,0.787,0.0,-0.2263
wallstreetbets,Every now and then I get something right ,73,12,2024-12-18 20:51:23,0.0,1.0,0.0,0.0
wallstreetbets,Averaged down from 3-4pm still got gaped by JP,43,23,2024-12-18 23:27:58,0.0,0.76,0.24,0.368
wallstreetbets,Merck Snags Chinese Obesity Drug in Nearly $2 Billion Deal,120,12,2024-12-18 17:25:45,0.0,1.0,0.0,0.0
wallstreetbets,Unusual to get a market flush like this in such a strong uptrend. Flashback to Dec 2021?,3,20,2024-12-19 15:35:45,0.0,0.721,0.279,0.7003
wallstreetbets,+213% on QQQ Puts ,54,5,2024-12-18 21:38:03,0.0,1.0,0.0,0.0
wallstreetbets,I thought Nana had my back!,60,16,2024-12-18 21:06:40,0.0,1.0,0.0,0.0
wallstreetbets,$2 000 to $10k in 18 days shorting Bitcoin futures market. Most gains made today ($1k6) after Powellâ€™s comment,22,19,2024-12-19 02:14:34,0.0,0.87,0.13,0.4005
wallstreetbets,Powell talk crash: 400%+ profit in 30mins with 0DTE QQQ PUTS!,44,10,2024-12-18 22:16:42,0.181,0.604,0.214,0.126
wallstreetbets,"First big win, not much but Iâ€™m happy. Thanks to that wsb regard who posted the dd. ",161,18,2024-12-18 14:53:25,0.0,0.553,0.447,0.9062
wallstreetbets,"The GPU Buying Frenzy Reaches Its Peak! Microsoft Purchases Nearly 500,000 Units in a Year, Leading the World and Doubling ""Runner-Up"" Meta",1,1,2024-12-19 18:24:23,0.109,0.841,0.05,-0.3382
wallstreetbets,S&P 500  ðŸ“‰ ,11,64,2024-12-19 04:54:34,0.0,1.0,0.0,0.0
wallstreetbets,Iâ€™m the ðŸ¤¡ Who Sold to Early,23,26,2024-12-19 01:09:50,0.0,1.0,0.0,0.0
wallstreetbets,"10th red day streak for the Dow, first time since September 1974",49,15,2024-12-18 21:01:58,0.0,1.0,0.0,0.0
wallstreetbets,Failure is the best teacher. ,33,13,2024-12-18 22:41:45,0.314,0.286,0.4,0.2263
wallstreetbets,"Investors are so confident in stocks, they have a record low allocation to the safety of cash",70,37,2024-12-18 18:57:17,0.091,0.608,0.3,0.7019
wallstreetbets,"Not enough to offset my loss, but still",17,2,2024-12-19 02:30:34,0.191,0.809,0.0,-0.1655
wallstreetbets,The future of Warfare | Palantir ,361,132,2024-12-18 09:43:11,0.306,0.694,0.0,-0.296
wallstreetbets,"
ELI5: Whatâ€™s a Government Shutdown and the Debt Ceiling? And How Does It Affect the Stock Market?

",2,7,2024-12-19 17:26:51,0.152,0.848,0.0,-0.4329
wallstreetbets,Sold it little too early but it is what it is. ,26,2,2024-12-18 23:32:12,0.0,1.0,0.0,0.0
wallstreetbets,Will my ðŸŽ„ be merry?,29,12,2024-12-18 22:33:37,0.0,0.588,0.412,0.5423
wallstreetbets,32k QQQ puts gain - playing the FOMC selloff,38,6,2024-12-18 21:40:15,0.0,0.574,0.426,0.6369
wallstreetbets,"YOLO TSLA shorting via TSLQ, $3k gain today - ama",13,9,2024-12-19 03:34:17,0.0,0.562,0.438,0.7378
wallstreetbets,$12K loss on AMD,39,18,2024-12-18 20:49:29,0.434,0.566,0.0,-0.3182
wallstreetbets,Help spy calls a lil too long,39,7,2024-12-18 21:04:32,0.0,0.69,0.31,0.4019
wallstreetbets,Fumbled 200k by 2 hours.,29,28,2024-12-18 22:05:08,0.0,1.0,0.0,0.0
wallstreetbets,Financial markets: Text books vs. real life,9700,288,2024-12-17 15:43:16,0.0,1.0,0.0,0.0
wallstreetbets,Tesla Entry & Exit P0rn,11,7,2024-12-19 03:14:07,0.0,1.0,0.0,0.0
wallstreetbets,August - December 2024. ,16,4,2024-12-19 01:33:01,0.0,1.0,0.0,0.0
stocks,Rate My Portfolio - r/Stocks Quarterly Thread December 2024,22,206,2024-12-01 10:00:22,0.0,1.0,0.0,0.0
stocks,"r/Stocks Daily Discussion & Options Trading Thursday - Dec 19, 2024",6,181,2024-12-19 10:30:12,0.0,1.0,0.0,0.0
stocks,Palantir Expands Army Vantage Partnership with $618.9M Contract,82,22,2024-12-19 14:10:16,0.0,0.833,0.167,0.1027
stocks,"Fed cuts by a quarter point, indicates fewer reductions ahead",717,350,2024-12-18 19:02:42,0.196,0.804,0.0,-0.296
stocks,"Why is short-term investing considered gambling, while long-term investing is not?",53,125,2024-12-19 08:29:19,0.0,1.0,0.0,0.0
stocks,Intel currently represents one of the best stock opportunities for 2025,159,220,2024-12-19 02:06:46,0.0,0.57,0.43,0.7783
stocks,Question on Tesla: Could a Potential Fallout Between Elon Musk and Trump Justify a Short Position?,20,61,2024-12-19 12:06:06,0.0,1.0,0.0,0.0
stocks,What the hell happened to the hype Santa Claus bull run?,231,383,2024-12-18 20:18:52,0.315,0.685,0.0,-0.6808
stocks,"Marginal debt for November rose by a record $75.5 billion for the month to $890.9 billion, which is only $45 billion below the peak in 2021.",51,11,2024-12-19 04:24:51,0.081,0.919,0.0,-0.2975
stocks,"Micron ($MU) craters 17% AH after meeting earnings expectations, missing guidance expectations",147,59,2024-12-18 21:49:15,0.167,0.833,0.0,-0.296
stocks,Why I'm bullish on AMD,250,199,2024-12-18 16:30:54,0.0,1.0,0.0,0.0
stocks,Good Finance podcasts,86,47,2024-12-18 18:53:44,0.0,0.408,0.592,0.4404
stocks,Thoughts on the Fedâ€™s decision,28,100,2024-12-19 01:23:39,0.0,1.0,0.0,0.0
stocks,Honda shares fall 2% after media reports on potential merger with Nissan,353,227,2024-12-18 00:35:24,0.0,0.833,0.167,0.296
stocks,Is the market missing JNJ's true potential?,13,19,2024-12-18 17:24:21,0.22,0.5,0.28,0.1531
stocks,How have you utilized algorithmic investing for your trades? ,17,32,2024-12-18 14:49:52,0.0,1.0,0.0,0.0
stocks,Have all analysts lost their minds?,672,486,2024-12-17 17:36:32,0.315,0.685,0.0,-0.3182
stocks,International stocks and the USDX,5,1,2024-12-18 17:42:01,0.0,1.0,0.0,0.0
stocks,"r/Stocks Daily Discussion Wednesday - Dec 18, 2024",14,569,2024-12-18 10:30:10,0.0,1.0,0.0,0.0
stocks,Any upside on HOG Stock?,20,34,2024-12-18 03:28:51,0.0,1.0,0.0,0.0
stocks,Carvana - A thesis with dates but without a good position,25,23,2024-12-17 20:29:32,0.237,0.763,0.0,-0.4782
stocks,"Waymo to begin testing in Tokyo, its first international destination",487,196,2024-12-17 02:41:39,0.0,1.0,0.0,0.0
stocks,Why hasn't SPY gone ex-dividend yet? FOMC?,0,3,2024-12-18 21:03:07,0.0,1.0,0.0,0.0
stocks,"I donâ€™t actually own my shares, advice?",63,96,2024-12-17 05:21:30,0.0,0.732,0.268,0.296
stocks,"Are cheaper, more volatile etfs better?",0,5,2024-12-18 07:37:33,0.0,0.612,0.388,0.4877
stocks,Is this a reasonable strategy? Example below,8,14,2024-12-17 16:18:10,0.0,1.0,0.0,0.0
stocks,Fed Will Likely Gift Markets a Rate Cut. How Powell May Still Spoil Christmas and 5 Other Things to Know Today.,193,94,2024-12-16 20:55:23,0.088,0.792,0.121,0.2023
stocks,Microsoft AI strategy is in shambles,0,41,2024-12-18 12:40:00,0.0,1.0,0.0,0.0
stocks,"Xinyi Solar Holdings (XNYIF): A Cash Flow Positive, Undervalued Solar Glass Leader (P/E 6.5, Dividend Yield 7.2%) â€“ Market Mispricing?",13,4,2024-12-17 08:51:22,0.0,0.841,0.159,0.5574
stocks,"r/Stocks Daily Discussion & Technicals Tuesday - Dec 17, 2024",10,312,2024-12-17 10:30:09,0.0,1.0,0.0,0.0
stocks,Reasons to believe in MU,69,43,2024-12-16 15:47:12,0.0,1.0,0.0,0.0
stocks,Four Stages of Artificial Intelligence Development,62,63,2024-12-16 15:56:39,0.0,0.617,0.383,0.4767
stocks,"Opinions on South Korea stocks/ETFs? $EWY , Samsung, Posco, etc. they look valuable here",7,15,2024-12-17 03:26:56,0.0,0.807,0.193,0.4767
stocks,Tesla Bull and Bear case: the great AI and liability gamble,97,193,2024-12-16 08:30:16,0.121,0.604,0.275,0.5106
stocks,From GPU to ASIC: Broadcom to capture NVDA  market share!,19,39,2024-12-16 15:18:27,0.0,0.783,0.217,0.3595
stocks,The Move from FAANG to â€˜Magnificent 7â€™ Was a Win for Netflix,0,19,2024-12-17 15:37:47,0.0,0.743,0.257,0.5859
stocks,"Tom Lee of CNBC has been right many times, he is bullish for 2025",316,209,2024-12-15 18:00:25,0.0,1.0,0.0,0.0
stocks,What happens to MSTR loans when Bitcoin dips below their average entry price?,279,212,2024-12-15 13:52:37,0.0,1.0,0.0,0.0
stocks,"r/Stocks Daily Discussion Monday - Dec 16, 2024",6,258,2024-12-16 10:30:11,0.0,1.0,0.0,0.0
stocks,Unpacking MongoDB's Recent Stock Performance and Future Prospects,47,39,2024-12-15 21:12:16,0.0,0.761,0.239,0.296
stocks,why are my WMT outperforming my MSFT shares,0,25,2024-12-17 03:41:04,0.0,0.761,0.239,0.296
stocks,Some of yall talk about/worship Warren Buffett too much.,30,46,2024-12-15 20:36:35,0.0,1.0,0.0,0.0
stocks,Novo Nordisk (NVO) - whats to expect these next weeks/months,81,11,2024-12-15 15:19:01,0.0,1.0,0.0,0.0
stocks,Nasdaq 100 data for long term results for calculation of Shiller PE,2,9,2024-12-16 06:56:29,0.0,1.0,0.0,0.0
stocks,Investing 10% of my portfolio into one stock?,64,130,2024-12-15 12:37:51,0.0,1.0,0.0,0.0
stocks,Microsoft looks like a solid bet for long-term investors ,516,179,2024-12-14 19:57:44,0.0,0.631,0.369,0.4767
stocks,Will a successful battlemage release help Intel? ,19,50,2024-12-15 07:05:27,0.0,0.435,0.565,0.7579
stocks,"Unusual machines post IPO financials, please explain how thereâ€™s value hereâ€¦",19,16,2024-12-15 06:13:48,0.0,0.657,0.343,0.5719
stocks,"Google DeepMind humanoid robots, will they work? ",17,23,2024-12-15 00:58:34,0.0,1.0,0.0,0.0
stocks,Broadcom (AVGO) broke the $1T barrier - here's how it compares to the Mag 7,315,128,2024-12-14 07:45:08,0.249,0.751,0.0,-0.5106
stocks,Buy or Not? Is Evolution AB a Good Bet Right Now? ,40,22,2024-12-14 18:09:11,0.0,0.754,0.246,0.504
stocks,"Is the Netskope IPO (scheduled for next year) good or bad?
",7,2,2024-12-14 23:42:15,0.227,0.584,0.188,-0.1531
stocks,Annual changes to the nasdaq 100 announced,352,154,2024-12-14 01:10:42,0.0,1.0,0.0,0.0
stocks,Thoughts on LNTH?,14,5,2024-12-14 14:32:57,0.0,1.0,0.0,0.0
stocks,When should you take profits? ,216,432,2024-12-13 19:35:04,0.0,0.58,0.42,0.4404
stocks,"/r/Stocks Weekend Discussion Saturday - Dec 14, 2024",9,86,2024-12-14 10:30:16,0.0,1.0,0.0,0.0
stocks,Which founders do you invest in?,89,69,2024-12-13 20:21:55,0.0,1.0,0.0,0.0
stocks,10 Yr/3 M Spread Has Un-inverted ,157,89,2024-12-13 16:52:38,0.0,1.0,0.0,0.0
stocks,Continued investment in AVGO,108,75,2024-12-13 17:10:40,0.0,1.0,0.0,0.0
stocks,Looking for feedback on RBBN,12,1,2024-12-14 05:04:02,0.0,1.0,0.0,0.0
stocks,Semiconductor Stocks Exposed To China With Tariffs Incoming,102,29,2024-12-13 13:55:51,0.157,0.843,0.0,-0.0772
stocks,AI Leading the Way: Palantir's Rise and Investment Potential,23,75,2024-12-13 21:05:09,0.0,1.0,0.0,0.0
stocks,"r/Stocks Weekly Thread on Meme Stocks Saturday - Dec 14, 2024",0,1,2024-12-14 17:00:15,0.0,1.0,0.0,0.0
stocks,Good Time To Buy Into Markets?,154,239,2024-12-13 06:45:29,0.0,0.633,0.367,0.4404
stocks,Costco beats on earnings as membership fee hike boosts revenue,454,144,2024-12-12 21:26:06,0.0,0.796,0.204,0.3182
stocks,AAPL The Buyback machine,105,62,2024-12-13 04:05:07,0.0,1.0,0.0,0.0
stocks,Adobe shares suffer steepest drop in over two years on disappointing revenue guidance,345,89,2024-12-12 21:21:37,0.44,0.45,0.11,-0.765
stocks,"Broadcom beats on profit, says AI revenue more than tripled this year",218,103,2024-12-12 22:34:39,0.0,0.791,0.209,0.4404
stocks,Elon Musk becomes the first person to reach a net worth of $400 billion,6252,283,2024-12-12 01:51:20,0.0,0.8,0.2,0.25
stocks,"r/Stocks Daily Discussion & Fundamentals Friday Dec 13, 2024",8,232,2024-12-13 10:30:10,0.0,1.0,0.0,0.0
stocks,Hedging the SP500 with a put?,18,47,2024-12-13 03:34:39,0.0,1.0,0.0,0.0
stocks,"Who is the best investment opportunity in AI, NVDA or PLTR?",119,193,2024-12-12 14:53:33,0.0,0.562,0.438,0.7906
stocks,These are the stocks on my watchlist (12/12),100,46,2024-12-12 14:16:12,0.0,1.0,0.0,0.0
stocks,Why I'm bullish on MELI,34,18,2024-12-12 19:42:16,0.0,1.0,0.0,0.0
stocks,2025 Strategy - critique invited,16,7,2024-12-12 22:37:00,0.0,1.0,0.0,0.0
stocks,"Warner Bros. Discovery shares surge after company announces linear, streaming restructuring",53,16,2024-12-12 15:33:21,0.0,0.82,0.18,0.296
stocks,Best way to sell large volume orders ,10,25,2024-12-13 00:05:03,0.0,0.588,0.412,0.6369
stocks,"Market cap vs GDP weight, mother of all bubbles?",5,12,2024-12-13 00:40:32,0.0,1.0,0.0,0.0
stocks,"Why was the stock market (SP500, NASDAQ,etc..) between 2021 and 2023 was going down?
",0,34,2024-12-13 21:44:37,0.0,1.0,0.0,0.0
stocks,Massive opportunity? ,12,15,2024-12-12 18:47:20,0.0,0.263,0.737,0.4215
stocks,How come AAPL isnâ€™t affected by the rise of the AI market?,56,72,2024-12-12 09:40:06,0.127,0.873,0.0,-0.1531
stocks,"Nvidia, Rigetti, Quantum Machines Deliver AI-Powered Quantum Computing ",41,7,2024-12-12 08:50:58,0.0,1.0,0.0,0.0
stocks,Too late to buy RDDT? ,208,281,2024-12-12 00:01:37,0.0,1.0,0.0,0.0
stocks,"Tesla shares climb to record, boosted by 64% pop since Trump election victory",557,475,2024-12-11 18:11:55,0.0,0.701,0.299,0.5719
stocks,Canadian National railway,9,8,2024-12-12 14:14:27,0.0,1.0,0.0,0.0
stocks,"Google's most powerful quantum computing chip, Willow, is out! Performance to beat supercomputers",393,135,2024-12-11 15:32:47,0.0,0.78,0.22,0.5244
stocks,"r/Stocks Daily Discussion & Options Trading Thursday - Dec 12, 2024",11,172,2024-12-12 10:30:10,0.0,1.0,0.0,0.0
stocks,Alaska Air stock soars to 52-week high of $63.95,17,0,2024-12-12 07:04:54,0.0,1.0,0.0,0.0
stocks,6 years investing but there are still open questions,41,47,2024-12-11 21:22:22,0.0,1.0,0.0,0.0
stocks,Apple launches its ChatGPT integration with Siri,116,43,2024-12-11 13:49:45,0.0,1.0,0.0,0.0
stocks,SMCI - Super Mirco Computer could be DELETED from Nasdaq 100 on Friday,137,63,2024-12-11 11:45:35,0.0,0.755,0.245,0.5994
stocks,November CPI rose 2.7 % YOY matching the expected 2.7%. Both CPI and Core CPI are as expected.,97,40,2024-12-11 13:32:37,0.0,1.0,0.0,0.0
stocks,"Whatâ€™s going on with UNH? Is this drop an overreaction, or a buying opportunity for long-term investors?",0,63,2024-12-12 20:22:14,0.209,0.659,0.132,-0.1618
stocks,How do you feel about SMR being a good long term investment? ,15,21,2024-12-11 19:18:02,0.0,0.791,0.209,0.4404
stocks,GameStop posts surprise profit while sales continue to decline ,797,493,2024-12-10 22:22:01,0.0,0.583,0.417,0.6124
stocks,Purchase amount?,3,22,2024-12-12 03:20:54,0.0,1.0,0.0,0.0
stocks,$BITI Question ,5,7,2024-12-12 00:14:37,0.0,1.0,0.0,0.0
stocks,Yiren Digital massively undervalued?,0,8,2024-12-12 17:03:59,0.0,1.0,0.0,0.0
stocks,"These are the stocks on my watchlist (12/11)
",20,34,2024-12-11 14:15:26,0.0,1.0,0.0,0.0
stocks,Private buyout at a price below my existing average buy in.,0,6,2024-12-12 05:51:03,0.0,1.0,0.0,0.0
cryptocurrency,"THORSwap, native swaps using real DEX ! (No KYC, no custody, $moons burn inside)",25,44,2024-12-17 10:20:45,0.161,0.839,0.0,-0.3595
cryptocurrency,"Daily Crypto Discussion - December 19, 2024 (GMT+0)",29,1605,2024-12-19 00:00:31,0.0,1.0,0.0,0.0
cryptocurrency,Trump meets with Crypto.com CEO to discuss Bitcoin reserve and crypto appointments,922,118,2024-12-19 08:57:51,0.0,1.0,0.0,0.0
cryptocurrency,"$786M liquidated from the Crypto Market in the last 24hrs, around 2.65 Million traders were liquidated, the single largest liquidation order happened on Binance wiped out $7.10M",309,93,2024-12-19 13:43:02,0.0,1.0,0.0,0.0
cryptocurrency,"El Salvador reaffirms its commitment to purchasing Bitcoin, with plans to potentially accelerate its acquisitions to bolster its strategic reserve.",73,12,2024-12-19 17:03:17,0.0,0.88,0.12,0.3818
cryptocurrency,Here's how the crypto market reacted to the Fed's 0.25% cut,151,85,2024-12-19 11:18:11,0.174,0.826,0.0,-0.2732
cryptocurrency,$7 billion wiped from XRP in a day,46,22,2024-12-19 17:04:17,0.0,1.0,0.0,0.0
cryptocurrency,The godfathers of crypto,2720,214,2024-12-18 18:44:11,0.0,1.0,0.0,0.0
cryptocurrency,And just like that Bitcoin Dominance is up another percent.,515,138,2024-12-19 02:16:35,0.0,0.65,0.35,0.5106
cryptocurrency,Throwback to May 2015: When Vitalik Visited CZ in Tokyo Before ETH's Launch - A Lifetime Miss for CZ,144,30,2024-12-19 06:53:56,0.082,0.918,0.0,-0.1531
cryptocurrency,"Fed Chair Jerome Powell says ""we're not allowed to own Bitcoin"".",879,336,2024-12-18 20:49:10,0.0,1.0,0.0,0.0
cryptocurrency,Michael Saylor says he'd be willing to advise Trump on crypto matters,656,109,2024-12-18 21:32:48,0.0,0.909,0.091,0.0258
cryptocurrency,Thereâ€™s a fundamental flaw in how the crypto markets behave - theyâ€™re following fiat markets,188,171,2024-12-19 03:13:55,0.0,1.0,0.0,0.0
cryptocurrency,Scottie Scheffler admits he doesn't know what crypto is... immediately after winning $5million of it,1049,93,2024-12-18 17:11:39,0.0,0.699,0.301,0.6808
cryptocurrency,7.8M Ethereum Leaves Binance In Two Monthsâ€”What Does This Mean for ETH?,81,34,2024-12-19 06:44:45,0.0,1.0,0.0,0.0
cryptocurrency,Pay with USDC through Coinbase wallet at Regal for discount. ,10,3,2024-12-19 17:41:00,0.135,0.865,0.0,-0.1027
cryptocurrency,North Korean hackers stole $1.6b crypto this year,13,15,2024-12-19 16:10:23,0.0,1.0,0.0,0.0
cryptocurrency,North Korea-linked hackers accounted for 61% of all crypto stolen in 2024 | TechCrunch,18,4,2024-12-19 13:51:55,0.198,0.802,0.0,-0.4939
cryptocurrency,Europol Seizes $26 Million in Crypto From 9 Drug Traffickers - Decrypt,46,11,2024-12-19 08:14:51,0.0,1.0,0.0,0.0
cryptocurrency,Telling r/CC Alts are extremely  high risk long term holds,254,69,2024-12-18 20:33:11,0.209,0.791,0.0,-0.3353
cryptocurrency,More Than Half of Crypto Tokens Debuted in 2024 Were Malicious: Blockaid,12,21,2024-12-19 14:03:43,0.0,1.0,0.0,0.0
cryptocurrency,Wyoming Senator Cynthia Lummis: '2025 Will Be the Year for Bitcoin and Digital Assetsâ€™ - Decrypt,5,9,2024-12-19 17:23:25,0.0,1.0,0.0,0.0
cryptocurrency,Ohio State Rep Derek Merrin introduces Bitcoin Reserve Bill,5,4,2024-12-19 17:11:24,0.0,1.0,0.0,0.0
cryptocurrency,RealNOI Partners With Chintai to Launch $124M Tokenized Real Estate Cash Flow Platform - Decrypt,20,6,2024-12-19 09:02:33,0.0,1.0,0.0,0.0
cryptocurrency,Bitcoin ETFs top gold in total assets within a year of launch,314,22,2024-12-18 18:16:52,0.0,0.725,0.275,0.4201
cryptocurrency,Haliey Welchâ€™s HAWK token team breaks silence to shift the blame,1464,320,2024-12-18 09:19:31,0.194,0.806,0.0,-0.34
cryptocurrency,U.S. Listed Spot Bitcoin ETFs on the Verge of Surpassing Gold ETFs,6,1,2024-12-19 13:00:32,0.0,1.0,0.0,0.0
cryptocurrency,Kraken unveils Ethereum scaling layer Ink months ahead of schedule,3,4,2024-12-19 17:49:51,0.0,1.0,0.0,0.0
cryptocurrency,Deutsche Bank builds L2 blockchain on Ethereum: Bloomberg,340,60,2024-12-18 15:38:42,0.0,1.0,0.0,0.0
cryptocurrency,Rugging is hard work and requires rest,2,5,2024-12-19 18:04:46,0.189,0.811,0.0,-0.1027
cryptocurrency,'Satoshi' impersonator Dr Craig Wright faces application for imprisonment for contempt | Law Gazette,73,10,2024-12-18 22:11:12,0.226,0.774,0.0,-0.5859
cryptocurrency,El Salvador makes Bitcoin payments voluntary in $1.4B IMF loan deal,40,12,2024-12-19 00:54:52,0.0,1.0,0.0,0.0
cryptocurrency,What a Journey: Back Then vs. Now,369,51,2024-12-18 12:56:56,0.0,1.0,0.0,0.0
cryptocurrency,German authority orders eyeball-scanning World project to delete data after investigation,2,2,2024-12-19 17:02:37,0.0,0.885,0.115,0.0772
cryptocurrency,German watchdog orders Worldcoin to delete non-compliant data,2,3,2024-12-19 16:52:44,0.0,1.0,0.0,0.0
cryptocurrency,U.S. Senate Blocks Caroline Crenshawâ€™s SEC Re-Nomination: What It Means for Crypto,14,7,2024-12-19 06:30:00,0.147,0.853,0.0,-0.2263
cryptocurrency,Weiss upgrades Algorands rating to 'A-' putting it in the top 4 Cryptocurrencies,145,67,2024-12-18 16:58:00,0.0,0.87,0.13,0.2023
cryptocurrency,First Draft of a US Strategic Bitcoin (BTC) Reserve Executive Order Published,103,41,2024-12-18 18:53:59,0.0,1.0,0.0,0.0
cryptocurrency,PSA2: Make sure you are using Coinbase Advanced to pay less fees if you are trading crypto on the Coinbase app. ,137,33,2024-12-18 17:13:43,0.059,0.759,0.181,0.4404
cryptocurrency,China May Be On the Verge of Ending Its Bitcoin Ban,197,72,2024-12-18 14:02:33,0.265,0.735,0.0,-0.5574
cryptocurrency,"Marathon Digital Acquires 15,574 BTC, Reaches $4.5 Billion Bitcoin Holdings",0,2,2024-12-19 18:07:42,0.0,0.882,0.118,0.0516
cryptocurrency,Digital Currency Groupâ€™s Barry Silbert Bets Big on AI Blockchain Bittensor,0,1,2024-12-19 17:49:00,0.0,1.0,0.0,0.0
cryptocurrency,MetaMask Begins Testing Crypto Payment Card in Limited US Pilot - Crypto Economy,3,7,2024-12-19 11:40:30,0.137,0.863,0.0,-0.2263
cryptocurrency,AI Crypto Project,0,0,2024-12-19 16:29:37,0.0,1.0,0.0,0.0
cryptocurrency,What US$ amount would be enough for you to stop wanting more?,6,96,2024-12-19 06:08:19,0.167,0.833,0.0,-0.296
cryptocurrency,â€˜Insaneâ€™: Crypto hodlerâ€™s at risk from Scandinaviaâ€™s tax â€˜hit listsâ€™,0,4,2024-12-19 15:45:10,0.189,0.811,0.0,-0.2732
cryptocurrency,MiCA-compliant stablecoins dominate European market â€” Kaiko,0,3,2024-12-19 15:27:59,0.2,0.8,0.0,-0.128
cryptocurrency,Ethereum spot ETF net inflow reaches $145m,228,62,2024-12-18 10:01:59,0.0,0.833,0.167,0.0516
cryptocurrency,"New Verifiable Compute Solution from EQTY Lab, Intel, and NVIDIA Anchors Trust on the Hedera Blockchain",61,22,2024-12-18 16:51:37,0.0,0.714,0.286,0.6808
cryptocurrency,BlackRock's Ethereum ETF Holds Over 1 Million ETH,128,27,2024-12-18 12:41:28,0.0,1.0,0.0,0.0
cryptocurrency,"As bitcoin soars, luxury brands consider accepting crypto payments",115,41,2024-12-18 13:00:04,0.0,0.755,0.245,0.3818
cryptocurrency,Debate Arises Over Bitcoin's Fixed Supply Cap Amid BlackRock's Claims of Possible Changes,11,24,2024-12-19 02:01:30,0.0,1.0,0.0,0.0
cryptocurrency,Are AI Agents and Blockchain the Future of Healthcare Innovation?,0,16,2024-12-19 14:25:02,0.0,0.776,0.224,0.3818
cryptocurrency,"MicroStrategy to eclipse Starbucks, Nike market cap if Bitcoin rallies to $138K",55,34,2024-12-18 16:33:52,0.0,1.0,0.0,0.0
cryptocurrency,Advice For A Noob. ,0,29,2024-12-19 17:34:24,0.286,0.714,0.0,-0.0516
cryptocurrency,"Bitcoin Founder Satoshi Nakamoto Overtook Michael Bloomberg As 16th Richest Person When BTC Hit $106k, Closed In On Bill Gates",2861,273,2024-12-17 18:33:22,0.0,0.848,0.152,0.5267
cryptocurrency,IMF's $1.4 Billion Loan to El Salvador May to Scale Back Country's Bitcoin Strategy and Require Economic Reforms,7,6,2024-12-19 03:29:10,0.0,1.0,0.0,0.0
cryptocurrency,"Cryptos Set To Be Regulated In GIFT City Next Year, Country Likely To Follow Suit â€” Profit Exclusive",3,4,2024-12-19 06:29:52,0.0,0.651,0.349,0.7925
cryptocurrency,Chainlink price reverses as one whale keeps accumulating LINK tokens,50,19,2024-12-18 14:59:43,0.0,1.0,0.0,0.0
cryptocurrency,PSA: If you're new to Crypto don't use the Crypto.com App for major Crypto buy/sells - the CDC app charges 10% spread to cash out. ,33,37,2024-12-18 17:04:15,0.08,0.92,0.0,-0.2732
cryptocurrency,"Is $210,000 Bitcoin's next high? Institutions think so",529,198,2024-12-18 01:13:11,0.0,1.0,0.0,0.0
cryptocurrency,Best way to withdraw $50 from Crypto.com wallet?,0,1,2024-12-19 17:00:12,0.0,0.625,0.375,0.6369
cryptocurrency,ByBit can go F itself,6,18,2024-12-19 00:57:24,0.0,1.0,0.0,0.0
cryptocurrency,"Craig Wright skips UK court hearing, COPA wants him in prison",51,16,2024-12-18 13:30:41,0.248,0.752,0.0,-0.5106
cryptocurrency,The setup is worth more than the bags,1398,92,2024-12-17 18:43:04,0.0,0.787,0.213,0.2263
cryptocurrency,"Is it ""too late"" ?",224,397,2024-12-18 03:55:39,0.0,1.0,0.0,0.0
cryptocurrency,What is supposed to be done during a bull run for long term holders?,10,53,2024-12-18 20:32:14,0.0,1.0,0.0,0.0
cryptocurrency,"THE MONERO MOON (ISSUE 75) NEWSLETTER IS OUT NOW!

After a few months' hiatus due to life commitments (*wedding bells*), we're back!

Explore this weekâ€™s edition for an update on all the latest Monero (XMR) news, developments, and entertainment!",0,0,2024-12-19 08:57:22,0.0,0.877,0.123,0.6341
cryptocurrency,Bitcoin to hit $1 million by 2027 using new adoption pricing model,0,14,2024-12-19 17:59:58,0.0,1.0,0.0,0.0
cryptocurrency,Crazy Theory?,1,6,2024-12-19 08:02:37,0.706,0.294,0.0,-0.34
cryptocurrency,"Would you reallocate? If yes, how? ",0,22,2024-12-19 11:20:54,0.0,0.62,0.38,0.4696
cryptocurrency,"""WHY AM I HOLDING? I'LL TELL YOU WHY. It's because I'm a bad trader and I KNOW I'M A BAD TRADER."" Today, Dec 18 is 'The HODL Day'",168,50,2024-12-18 03:28:37,0.229,0.771,0.0,-0.8286
cryptocurrency,Are we being tricked?,463,620,2024-12-17 21:52:05,0.348,0.652,0.0,-0.1531
cryptocurrency,Nigeriaâ€™s Crypto-Romance Scam: Lessons for Investors,0,8,2024-12-19 10:45:30,0.425,0.575,0.0,-0.5719
cryptocurrency,Alchemy Pay plans to launch its own layer-1 blockchain,0,2,2024-12-19 06:42:20,0.149,0.851,0.0,-0.1027
cryptocurrency,Advocacy group urges SEC rethink crypto probes and lawsuits from â€˜day oneâ€™,0,4,2024-12-19 09:51:28,0.127,0.873,0.0,-0.1531
cryptocurrency,RLUSD is a stablecoin (emphasis on stable). Warning to all newcomers.,0,14,2024-12-19 13:36:12,0.176,0.662,0.162,-0.0516
cryptocurrency,Coinbase reveals 18% YoY drop in law enforcement requests,198,21,2024-12-18 01:14:12,0.208,0.792,0.0,-0.2732
cryptocurrency,Latam Insights Encore: El Salvador's $3 Trillion Gold Stash Will Be Catalyst for a Bitcoin-Centric Future ,12,6,2024-12-18 15:29:16,0.0,1.0,0.0,0.0
cryptocurrency,Setting up a auto buy and forget about it,0,17,2024-12-19 11:09:29,0.192,0.808,0.0,-0.2263
cryptocurrency,Should I activate Fiat services on Binance? What is Fiat?,0,10,2024-12-19 11:08:31,0.0,1.0,0.0,0.0
cryptocurrency,"Aged like fine milk under the sun: The IMF destroys and humilliates Nayib Bukele, forcing him to get on his knees and bow down",0,9,2024-12-19 13:25:06,0.125,0.727,0.149,-0.0772
cryptocurrency,Why Antigua is the best citizenship for crypto investors?,1,1,2024-12-19 04:19:47,0.0,0.656,0.344,0.6369
cryptocurrency,"Binance Unveils Second Batch of Potential Listings: Fartcoin, CKP, GEAR, SD, and SYRUP",14,35,2024-12-18 13:42:26,0.0,1.0,0.0,0.0
cryptocurrency,Wallet provider Exodus stock rallies 37% on NYSE American debut,1,2,2024-12-18 23:00:54,0.0,1.0,0.0,0.0
cryptocurrency,Question about staking cryptocurrency. ,0,5,2024-12-19 08:21:10,0.0,1.0,0.0,0.0
cryptocurrency,"Thesis: coins are safer when stored in a decentralized manner, rather than in a big stockpile (strategic reserve)",0,6,2024-12-19 05:54:31,0.0,0.859,0.141,0.4215
cryptocurrency,Is this the bull?,0,88,2024-12-19 15:59:54,0.0,1.0,0.0,0.0
cryptocurrency,Do Telegram Web3 Games Coin Bots Actually Have Real World Value? ,0,7,2024-12-19 01:34:08,0.0,0.806,0.194,0.34
cryptocurrency,"Bitcoin Whale has woken up from its slumber after 4 Years, moving over $536 Million worth of Bitcoin into two new addresses.",212,91,2024-12-17 20:30:44,0.0,0.917,0.083,0.2263
cryptocurrency,I was able to transfer TRX to Kraken in NY but it's held up?,0,6,2024-12-19 05:02:18,0.0,1.0,0.0,0.0
cryptocurrency,"Coinbase ranks fifth globally in exchange revenue, surpassing Nasdaq and CBOE",179,17,2024-12-17 21:01:34,0.0,1.0,0.0,0.0
cryptocurrency,Do you think top-performing crypto projects are primarily driven by an attention economy? ,4,37,2024-12-18 18:44:29,0.0,1.0,0.0,0.0
cryptocurrency,How to prove to my mates that this is a scam.,12,50,2024-12-18 11:58:07,0.27,0.73,0.0,-0.5719
cryptocurrency,'The Showdown' golfers will be paid $10 million in prize money in crypto.,47,18,2024-12-18 03:02:44,0.0,0.784,0.216,0.5106
cryptocurrency,What will happen in next month for altcoins Where we are?,1,17,2024-12-18 23:30:16,0.0,1.0,0.0,0.0
cryptocurrency,New Pro-Crypto SEC Commissioner Likely After Crenshaw Fails Senate Re-Nomination,0,1,2024-12-18 23:26:29,0.237,0.763,0.0,-0.4215
cryptocurrency,Trump may use Bitcoin as US reserve asset on 'day one' â€”Â How high will BTC price go?,801,284,2024-12-17 10:43:34,0.0,0.872,0.128,0.3612
cryptocurrency,Binance Australia sued over alleged consumer protection breaches,0,3,2024-12-19 02:25:50,0.0,1.0,0.0,0.0
cryptocurrency,Hawk Tuah girl's team finally reveal 'truth' of what happened as fans 'lose life savings' after buying her cryptocurrency,0,37,2024-12-19 09:30:19,0.123,0.773,0.105,-0.1027
